feature,mean,std
pH,8.546757649374749,0.5789362116267924
DO,10.323049261504128,3.0869832216729978
COD,25.13302460946218,11.652745179368859
BOD,4.899439919895107,4.422299950025268
Total photosynthetic pigments,0.5601268094078612,0.34334792198711167
Dry cell weight,38.394848932095606,18.785207631157824
protein(%),6.8530526287047655,6.349580280897976
H(%),8.57612469033604,1.9085257917544556
O(%),35.44445908183435,3.069285280026347
